original,translated
AppGalleryProbleme und Vorschläge,AppGalleryProblems and suggestions
Re RE  AppGalleryProbleme und Vorschläge Re RE  AppGalleryProblems and Suggestions,Re Re AppGalleryProblems and suggestions Re Re AppGalleryProblems and suggestions
AppGalleryProblemas e sugestões,AppGalleryProblems and suggestions
AppGalleryProblemi e soluzioni,AppGalleryProblems and Solutions
AppGalleryПроблеми и предложения,AppGalleryProblems and Offers
AppGalleryProblemer og forslag,AppGalleryProblems and suggestions
AppGalleryProblemy i sugestie,AppGalleryProblems and suggestions
AppGallerySorunlar ve öneriler,AppGalleryProblems and suggestions
AppGalleryProblémy a odporúčania,AppGalleryProblems and recommendations
AppGalleryProblemas y sugerencias,AppGalleryProblems and suggestions
AppGalleryQuestions et suggestions,AppGalleryQuestions and suggestions
RE  AppGalleryQuestions et suggestions,RE AppGalleryQuestions and suggestions
AppGalleryProblems and suggestionsїAppGalleryПроблеми та пропозиції,AppGalleryProblems and suggestionsAppGalleryProblems and suggestions
Informations,Information
AppGalleryProbleme și sugestii,AppGalleryProblems and suggestions
RE  AppGalleryProbleme și sugestii,RE AppGalleryProblems and suggestions
RE  JetAudio,by JetAudio
Problems and suggestions متجر التطبيقاتالمشاكل والاقتراحات,Problems and suggestions App StoreProblems and suggestions
GT3,by GT3
Re GT3,The GT3
RE  GT3,The GT3
Bonus place my Re supportpt 自动回复 AppGalleryПроблемы и предложения,Bonus place my Re supportpt  Automatic reply AppGalleryProblems and offers
RE  Bonus place my Re supportpt 自动回复 AppGalleryПроблемы и предложения,RE Bonus place my Re supportpt  automatic reply AppGalleryProblems and offers
AppGalleryПроблемы и предложения,AppGalleryProblems and Offers
RE  AppGalleryПроблемы и предложения,RE AppGalleryProblems and suggestions
gAppGalleryProblem och förslaApAppGalleryProblems and suggestionspGalleryProblem och förslag,gAppGalleryProblems and SellingApAppGalleryProblems and suggestionspGalleryProblems and suggestions
RE  AppGalleryProblem och förslagAppGalleryProblems and suggestions,RE AppGalleryProblems and suggestionsAppGalleryProblems and suggestions
Problème cashback,The Cashback Problem
RE  Problème cashback,The Cashback Problem
AppGalleryProblémák és javaslatok,AppGalleryProblems and suggestions
RE  AppGalleryProblémák és javaslatok,RE AppGalleryProblems and suggestions
RE  Puntos Huawei,The Huawei Points
Re RE  Puntos Huawei,Re Re to Huawei
RE  Cashback,The Cashback
RE  Error al obtener regalos,Error when receiving gifts
RE  AppGalleryProblemos ir pasiūlymai,RE AppGalleryProblems and suggestions
Re RE  Programme VIP,The VIP Programme
RE  Programme VIP,The VIP Programme
RE  AppGalleryProblemas y sugerencias,RE AppGalleryProblems and suggestions
RE  Error en las campañas,Error in Campaigns
Payment of 40 euros,Payment of 40 euros
Résiliation de labonnement,Resignation of Labour
Akcja Company,Action Company
Disdetta,Dismissed
Revoca spesa,withdrawal of spending
Cancel,Canceled
RE  Cancel,Re cancelled
Company ID Abonnement,Company ID subscription
RE  Company ID Abonnement,Re Company ID subscription
VIP privilege,VIP privileges
RE  VIP privilege,VIP Privileges
Re VIP privilege,VIP Privileges
RE Rechnung brauchen,Re Re Requirements
RE  Rechnung brauchen,Re Re Requirements
RE  cancel,Re cancelled
Re RE  cancel,Re Canceled
Rechnung brauchen,Required Account
RE  null,by Null
Re RE  Uppsägning,Re withdrawal
RE  Uppsägning,Re withdrawal
Abonnement kündigen,Cancellation of subscription
Kündigung,withdrawal
Abo Kündigung,Abo dismissal
ReNrB8DM27328KB964582F Start Datum 23122021 letzte Abbuchung am 23082022,ReNrB8DM27328KB964582F Start Date 23122021 letzte Abbuchung am 23082022
Abo Kündigen,Cancelled by
RE  Can el order,The order can be
Re RE  Can el order,Re Re Can the Order
RE  Pagamenti,The Furniture
RE  Rimborso,The reimbursement
Re RE  Rimborso,Re Re refund
